suite,case,implementation,microseconds
complete_calls,dates:dataclass_control,base,320.3428125
complete_calls,dates:dataclass_control,cache1,317.1663125
complete_calls,dates:dataclass_control,cache2,322.3555234375
complete_calls,dates:dataclass_control,orjson,134.353875
complete_calls,dates:dataclass_dates,base,348.88603125
complete_calls,dates:dataclass_dates,cache1,352.8225390625
complete_calls,dates:dataclass_dates,cache2,371.20546875
complete_calls,dates:dataclass_dates,orjson,324.6445390625
complete_calls,dates:date_1024,base,51.7355654296875
complete_calls,dates:date_1024,cache1,45.7710439453125
complete_calls,dates:date_1024,cache2,50.2821484375
complete_calls,dates:date_1024,orjson,28.31195703125
complete_calls,dates:date_1024_options,base,49.0786435546875
complete_calls,dates:date_1024_options,cache1,46.520630859375
complete_calls,dates:date_1024_options,cache2,50.3197685546875
complete_calls,dates:date_1024_options,orjson,28.723251953125
complete_calls,dates:date_16,base,1.8814868774414062
complete_calls,dates:date_16,cache1,1.7796442260742187
complete_calls,dates:date_16,cache2,1.87003564453125
complete_calls,dates:date_16,orjson,0.7585034790039062
complete_calls,dates:date_scalar,base,1.0089820861816405
complete_calls,dates:date_scalar,cache1,0.9690404357910156
complete_calls,dates:date_scalar,cache2,0.9593431701660157
complete_calls,dates:date_scalar,orjson,0.31451260375976564
complete_calls,dates:datetime_fixed_offset_1024,base,143.13823046875
complete_calls,dates:datetime_fixed_offset_1024,cache1,90.31041796875
complete_calls,dates:datetime_fixed_offset_1024,cache2,101.13697265625
complete_calls,dates:datetime_fixed_offset_1024,orjson,185.3851015625
complete_calls,dates:datetime_fixed_offset_16,base,3.6877891235351563
complete_calls,dates:datetime_fixed_offset_16,cache1,3.3268922119140627
complete_calls,dates:datetime_fixed_offset_16,cache2,3.430087890625
complete_calls,dates:datetime_fixed_offset_16,orjson,3.2116011352539062
complete_calls,dates:datetime_fixed_offset_scalar,base,1.058431121826172
complete_calls,dates:datetime_fixed_offset_scalar,cache1,1.5852257080078125
complete_calls,dates:datetime_fixed_offset_scalar,cache2,1.073551513671875
complete_calls,dates:datetime_fixed_offset_scalar,orjson,0.4584612121582031
complete_calls,dates:datetime_naive_1024,base,75.683126953125
complete_calls,dates:datetime_naive_1024,cache1,70.070078125
complete_calls,dates:datetime_naive_1024,cache2,76.5675546875
complete_calls,dates:datetime_naive_1024,orjson,53.384615234375
complete_calls,dates:datetime_naive_1024_naive_utc,base,80.05445703125
complete_calls,dates:datetime_naive_1024_naive_utc,cache1,75.6502265625
complete_calls,dates:datetime_naive_1024_naive_utc,cache2,85.306
complete_calls,dates:datetime_naive_1024_naive_utc,orjson,58.49085546875
complete_calls,dates:datetime_naive_1024_naive_utc_omit_microseconds,base,69.575439453125
complete_calls,dates:datetime_naive_1024_naive_utc_omit_microseconds,cache1,63.3138515625
complete_calls,dates:datetime_naive_1024_naive_utc_omit_microseconds,cache2,71.974095703125
complete_calls,dates:datetime_naive_1024_naive_utc_omit_microseconds,orjson,43.931720703125
complete_calls,dates:datetime_naive_1024_naive_utc_omit_microseconds_utc_z,base,68.57321484375
complete_calls,dates:datetime_naive_1024_naive_utc_omit_microseconds_utc_z,cache1,61.97215234375
complete_calls,dates:datetime_naive_1024_naive_utc_omit_microseconds_utc_z,cache2,68.46959765625
complete_calls,dates:datetime_naive_1024_naive_utc_omit_microseconds_utc_z,orjson,43.748765625
complete_calls,dates:datetime_naive_1024_naive_utc_z,base,77.903119140625
complete_calls,dates:datetime_naive_1024_naive_utc_z,cache1,70.7273828125
complete_calls,dates:datetime_naive_1024_naive_utc_z,cache2,80.32858984375
complete_calls,dates:datetime_naive_1024_naive_utc_z,orjson,55.07451171875
complete_calls,dates:datetime_naive_1024_omit_microseconds,base,67.67381640625
complete_calls,dates:datetime_naive_1024_omit_microseconds,cache1,60.1156953125
complete_calls,dates:datetime_naive_1024_omit_microseconds,cache2,67.118203125
complete_calls,dates:datetime_naive_1024_omit_microseconds,orjson,41.547326171875
complete_calls,dates:datetime_naive_1024_omit_microseconds_utc_z,base,67.092353515625
complete_calls,dates:datetime_naive_1024_omit_microseconds_utc_z,cache1,63.22651953125
complete_calls,dates:datetime_naive_1024_omit_microseconds_utc_z,cache2,69.518033203125
complete_calls,dates:datetime_naive_1024_omit_microseconds_utc_z,orjson,41.267880859375
complete_calls,dates:datetime_naive_1024_utc_z,base,77.685552734375
complete_calls,dates:datetime_naive_1024_utc_z,cache1,69.45360546875
complete_calls,dates:datetime_naive_1024_utc_z,cache2,78.78941796875
complete_calls,dates:datetime_naive_1024_utc_z,orjson,53.689693359375
complete_calls,dates:datetime_naive_1024_zero_microseconds,base,71.992767578125
complete_calls,dates:datetime_naive_1024_zero_microseconds,cache1,60.258275390625
complete_calls,dates:datetime_naive_1024_zero_microseconds,cache2,69.546939453125
complete_calls,dates:datetime_naive_1024_zero_microseconds,orjson,41.90916015625
complete_calls,dates:datetime_naive_16,base,2.522568603515625
complete_calls,dates:datetime_naive_16,cache1,2.469482177734375
complete_calls,dates:datetime_naive_16,cache2,2.455745178222656
complete_calls,dates:datetime_naive_16,orjson,1.0244288940429687
complete_calls,dates:datetime_naive_scalar,base,1.041202178955078
complete_calls,dates:datetime_naive_scalar,cache1,0.987606689453125
complete_calls,dates:datetime_naive_scalar,cache2,0.9972998657226563
complete_calls,dates:datetime_naive_scalar,orjson,0.3251883850097656
complete_calls,dates:datetime_named_zero_offset_1024,base,128.2205390625
complete_calls,dates:datetime_named_zero_offset_1024,cache1,82.28150390625
complete_calls,dates:datetime_named_zero_offset_1024,cache2,87.63901953125
complete_calls,dates:datetime_named_zero_offset_1024,orjson,173.73243359375
complete_calls,dates:datetime_negative_offset_1024,base,142.536296875
complete_calls,dates:datetime_negative_offset_1024,cache1,91.54416796875
complete_calls,dates:datetime_negative_offset_1024,cache2,100.185265625
complete_calls,dates:datetime_negative_offset_1024,orjson,184.68125390625
complete_calls,dates:datetime_passthrough,base,1500.98290625
complete_calls,dates:datetime_passthrough,cache1,1495.059125
complete_calls,dates:datetime_passthrough,cache2,1488.74646875
complete_calls,dates:datetime_passthrough,orjson,1087.445
complete_calls,dates:datetime_seconds_offset_1024,base,136.6326015625
complete_calls,dates:datetime_seconds_offset_1024,cache1,91.39164453125
complete_calls,dates:datetime_seconds_offset_1024,cache2,95.1807734375
complete_calls,dates:datetime_seconds_offset_1024,orjson,183.2406171875
complete_calls,dates:datetime_subclass,base,1214.651375
complete_calls,dates:datetime_subclass,cache1,1221.09878125
complete_calls,dates:datetime_subclass,cache2,1222.714
complete_calls,dates:datetime_subclass,orjson,1148.7850625
complete_calls,dates:datetime_utc_1024,base,80.82778125
complete_calls,dates:datetime_utc_1024,cache1,78.6518671875
complete_calls,dates:datetime_utc_1024,cache2,83.6009453125
complete_calls,dates:datetime_utc_1024,orjson,173.60904296875
complete_calls,dates:datetime_utc_1024_omit_microseconds,base,70.04670703125
complete_calls,dates:datetime_utc_1024_omit_microseconds,cache1,65.89134765625
complete_calls,dates:datetime_utc_1024_omit_microseconds,cache2,74.0355078125
complete_calls,dates:datetime_utc_1024_omit_microseconds,orjson,155.7295625
complete_calls,dates:datetime_utc_1024_omit_microseconds_utc_z,base,69.1646171875
complete_calls,dates:datetime_utc_1024_omit_microseconds_utc_z,cache1,65.380078125
complete_calls,dates:datetime_utc_1024_omit_microseconds_utc_z,cache2,71.1259609375
complete_calls,dates:datetime_utc_1024_omit_microseconds_utc_z,orjson,154.0209609375
complete_calls,dates:datetime_utc_1024_utc_z,base,80.88544921875
complete_calls,dates:datetime_utc_1024_utc_z,cache1,76.94609375
complete_calls,dates:datetime_utc_1024_utc_z,cache2,81.5532578125
complete_calls,dates:datetime_utc_1024_utc_z,orjson,175.13051953125
complete_calls,dates:datetime_utc_1024_zero_microseconds,base,72.7207421875
complete_calls,dates:datetime_utc_1024_zero_microseconds,cache1,71.25824609375
complete_calls,dates:datetime_utc_1024_zero_microseconds,cache2,71.92106640625
complete_calls,dates:datetime_utc_1024_zero_microseconds,orjson,161.51104296875
complete_calls,dates:datetime_utc_16,base,2.56845068359375
complete_calls,dates:datetime_utc_16,cache1,2.588219482421875
complete_calls,dates:datetime_utc_16,cache2,2.746410400390625
complete_calls,dates:datetime_utc_16,orjson,3.017814208984375
complete_calls,dates:datetime_utc_scalar,base,0.977409423828125
complete_calls,dates:datetime_utc_scalar,cache1,1.0031093139648437
complete_calls,dates:datetime_utc_scalar,cache2,1.0373370361328125
complete_calls,dates:datetime_utc_scalar,orjson,0.459873779296875
complete_calls,dates:dict_control,base,0.47658729553222656
complete_calls,dates:dict_control,cache1,0.47584503173828124
complete_calls,dates:dict_control,cache2,0.4700063323974609
complete_calls,dates:dict_control,orjson,0.37361592102050784
complete_calls,dates:list_control,base,22.095751953125
complete_calls,dates:list_control,cache1,20.22211279296875
complete_calls,dates:list_control,cache2,22.88041943359375
complete_calls,dates:list_control,orjson,7.1993466796875
complete_calls,dates:string_control,base,0.27341365814208984
complete_calls,dates:string_control,cache1,0.2790060958862305
complete_calls,dates:string_control,cache2,0.28078902435302733
complete_calls,dates:string_control,orjson,0.29162136840820313
complete_calls,dates:time_1024_omit_microseconds,base,64.979828125
complete_calls,dates:time_1024_omit_microseconds,cache1,61.67758984375
complete_calls,dates:time_1024_omit_microseconds,cache2,64.67759765625
complete_calls,dates:time_1024_omit_microseconds,orjson,36.8084296875
complete_calls,dates:time_1024_zero_microseconds,base,68.13414453125
complete_calls,dates:time_1024_zero_microseconds,cache1,61.6405
complete_calls,dates:time_1024_zero_microseconds,cache2,63.722029296875
complete_calls,dates:time_1024_zero_microseconds,orjson,36.721396484375
complete_calls,dates:time_scalar,base,1.0580655517578126
complete_calls,dates:time_scalar,cache1,0.9735762939453125
complete_calls,dates:time_scalar,cache2,0.9785133056640625
complete_calls,dates:time_scalar,orjson,0.29674346923828127
complete_calls,dates:uuid_list_control,base,124.01027734375
complete_calls,dates:uuid_list_control,cache1,124.44305078125
complete_calls,dates:uuid_list_control,cache2,128.6165546875
complete_calls,dates:uuid_list_control,orjson,70.904984375
complete_calls,dates:uuid_scalar_control,base,1.0595801696777343
complete_calls,dates:uuid_scalar_control,cache1,1.0329608154296874
complete_calls,dates:uuid_scalar_control,cache2,1.0276601257324218
complete_calls,dates:uuid_scalar_control,orjson,0.36365414428710935
complete_calls,frontend:dumps_root_append_newline,base,25.120560546875
complete_calls,frontend:dumps_root_append_newline,cache1,25.38543505859375
complete_calls,frontend:dumps_root_append_newline,cache2,21.89992529296875
complete_calls,frontend:dumps_root_append_newline,orjson,7.6343828125
complete_calls,frontend:dumps_root_at_threshold,base,0.2682068862915039
complete_calls,frontend:dumps_root_at_threshold,cache1,0.2795789489746094
complete_calls,frontend:dumps_root_at_threshold,cache2,0.2698567962646484
complete_calls,frontend:dumps_root_at_threshold,orjson,0.43178773498535156
complete_calls,frontend:dumps_root_below_threshold,base,0.42691148376464844
complete_calls,frontend:dumps_root_below_threshold,cache1,0.4436304016113281
complete_calls,frontend:dumps_root_below_threshold,cache2,0.44661670684814453
complete_calls,frontend:dumps_root_below_threshold,orjson,0.4379570922851562
complete_calls,frontend:dumps_root_bmp,base,204.43093359375
complete_calls,frontend:dumps_root_bmp,cache1,206.05801953125
complete_calls,frontend:dumps_root_bmp,cache2,202.58186328125
complete_calls,frontend:dumps_root_bmp,orjson,8.1550546875
complete_calls,frontend:dumps_root_dense_escapes,base,133.2834765625
complete_calls,frontend:dumps_root_dense_escapes,cache1,135.02103125
complete_calls,frontend:dumps_root_dense_escapes,cache2,115.8621875
complete_calls,frontend:dumps_root_dense_escapes,orjson,328.4269453125
complete_calls,frontend:dumps_root_early_quote,base,24.96018017578125
complete_calls,frontend:dumps_root_early_quote,cache1,25.743380859375
complete_calls,frontend:dumps_root_early_quote,cache2,25.63668505859375
complete_calls,frontend:dumps_root_early_quote,orjson,7.71917138671875
complete_calls,frontend:dumps_root_empty,base,0.24602105712890626
complete_calls,frontend:dumps_root_empty,cache1,0.26180704498291013
complete_calls,frontend:dumps_root_empty,cache2,0.24467518615722655
complete_calls,frontend:dumps_root_empty,orjson,0.27101602172851563
complete_calls,frontend:dumps_root_indent,base,22.261658203125
complete_calls,frontend:dumps_root_indent,cache1,21.02912744140625
complete_calls,frontend:dumps_root_indent,cache2,21.5456220703125
complete_calls,frontend:dumps_root_indent,orjson,7.860798828125
complete_calls,frontend:dumps_root_late_quote,base,25.26340771484375
complete_calls,frontend:dumps_root_late_quote,cache1,25.61452685546875
complete_calls,frontend:dumps_root_late_quote,cache2,25.7914619140625
complete_calls,frontend:dumps_root_late_quote,orjson,7.6404970703125
complete_calls,frontend:dumps_root_latin1,base,212.1773203125
complete_calls,frontend:dumps_root_latin1,cache1,222.66511328125
complete_calls,frontend:dumps_root_latin1,cache2,213.30003515625
complete_calls,frontend:dumps_root_latin1,orjson,8.360265625
complete_calls,frontend:dumps_root_long,base,21.5376865234375
complete_calls,frontend:dumps_root_long,cache1,22.88084375
complete_calls,frontend:dumps_root_long,cache2,22.9841455078125
complete_calls,frontend:dumps_root_long,orjson,7.5901220703125
complete_calls,frontend:dumps_root_medium,base,0.8224490203857422
complete_calls,frontend:dumps_root_medium,cache1,0.8355708770751953
complete_calls,frontend:dumps_root_medium,cache2,0.8522978210449219
complete_calls,frontend:dumps_root_medium,orjson,0.5992546234130859
complete_calls,frontend:dumps_root_non_bmp,base,184.6121640625
complete_calls,frontend:dumps_root_non_bmp,cache1,164.46888671875
complete_calls,frontend:dumps_root_non_bmp,cache2,188.1658828125
complete_calls,frontend:dumps_root_non_bmp,orjson,8.83116015625
complete_calls,frontend:dumps_root_tiny,base,0.26411793518066407
complete_calls,frontend:dumps_root_tiny,cache1,0.27097544860839845
complete_calls,frontend:dumps_root_tiny,cache2,0.2619468612670898
complete_calls,frontend:dumps_root_tiny,orjson,0.2702866668701172
complete_calls,frontend:loads_escaped,base,433.675984375
complete_calls,frontend:loads_escaped,cache1,429.4231484375
complete_calls,frontend:loads_escaped,cache2,425.712953125
complete_calls,frontend:loads_escaped,orjson,222.806046875
complete_calls,frontend:loads_escaped_array_view,base,444.1577734375
complete_calls,frontend:loads_escaped_array_view,cache1,438.74609375
complete_calls,frontend:loads_escaped_array_view,cache2,426.6069921875
complete_calls,frontend:loads_escaped_array_view,orjson,223.228375
complete_calls,frontend:loads_escaped_bytearray,base,458.1264453125
complete_calls,frontend:loads_escaped_bytearray,cache1,437.810265625
complete_calls,frontend:loads_escaped_bytearray,cache2,429.114890625
complete_calls,frontend:loads_escaped_bytearray,orjson,223.3164375
complete_calls,frontend:loads_escaped_memoryview,base,444.652265625
complete_calls,frontend:loads_escaped_memoryview,cache1,441.5386171875
complete_calls,frontend:loads_escaped_memoryview,cache2,434.2781796875
complete_calls,frontend:loads_escaped_memoryview,orjson,228.28959375
complete_calls,frontend:loads_escaped_values,base,107.385669921875
complete_calls,frontend:loads_escaped_values,cache1,106.2570546875
complete_calls,frontend:loads_escaped_values,cache2,100.72807421875
complete_calls,frontend:loads_escaped_values,orjson,59.476076171875
complete_calls,frontend:loads_floats,base,873.019640625
complete_calls,frontend:loads_floats,cache1,848.223796875
complete_calls,frontend:loads_floats,cache2,807.360328125
complete_calls,frontend:loads_floats,orjson,526.614046875
complete_calls,frontend:loads_floats_array_view,base,908.11021875
complete_calls,frontend:loads_floats_array_view,cache1,900.966
complete_calls,frontend:loads_floats_array_view,cache2,805.8085625
complete_calls,frontend:loads_floats_array_view,orjson,520.27921875
complete_calls,frontend:loads_floats_bytearray,base,893.2784375
complete_calls,frontend:loads_floats_bytearray,cache1,874.95946875
complete_calls,frontend:loads_floats_bytearray,cache2,810.335109375
complete_calls,frontend:loads_floats_bytearray,orjson,531.756140625
complete_calls,frontend:loads_floats_memoryview,base,886.023046875
complete_calls,frontend:loads_floats_memoryview,cache1,895.6295625
complete_calls,frontend:loads_floats_memoryview,cache2,808.0091875
complete_calls,frontend:loads_floats_memoryview,orjson,531.0525
complete_calls,frontend:loads_integers,base,447.144953125
complete_calls,frontend:loads_integers,cache1,432.909671875
complete_calls,frontend:loads_integers,cache2,444.4974765625
complete_calls,frontend:loads_integers,orjson,323.708265625
complete_calls,frontend:loads_integers_array_view,base,455.436671875
complete_calls,frontend:loads_integers_array_view,cache1,436.3909609375
complete_calls,frontend:loads_integers_array_view,cache2,446.549125
complete_calls,frontend:loads_integers_array_view,orjson,324.0128671875
complete_calls,frontend:loads_integers_bytearray,base,462.4158515625
complete_calls,frontend:loads_integers_bytearray,cache1,437.8358828125
complete_calls,frontend:loads_integers_bytearray,cache2,450.1186015625
complete_calls,frontend:loads_integers_bytearray,orjson,324.609703125
complete_calls,frontend:loads_integers_memoryview,base,456.5502578125
complete_calls,frontend:loads_integers_memoryview,cache1,441.12290625
complete_calls,frontend:loads_integers_memoryview,cache2,454.09203125
complete_calls,frontend:loads_integers_memoryview,orjson,324.9739375
complete_calls,frontend:loads_long_string,base,29.092908203125
complete_calls,frontend:loads_long_string,cache1,31.694966796875
complete_calls,frontend:loads_long_string,cache2,27.24329296875
complete_calls,frontend:loads_long_string,orjson,81.10365625
complete_calls,frontend:loads_long_string_array_view,base,35.428701171875
complete_calls,frontend:loads_long_string_array_view,cache1,37.24403125
complete_calls,frontend:loads_long_string_array_view,cache2,34.813662109375
complete_calls,frontend:loads_long_string_array_view,orjson,81.047787109375
complete_calls,frontend:loads_long_string_bytearray,base,35.32769140625
complete_calls,frontend:loads_long_string_bytearray,cache1,37.819591796875
complete_calls,frontend:loads_long_string_bytearray,cache2,34.599916015625
complete_calls,frontend:loads_long_string_bytearray,orjson,79.986720703125
complete_calls,frontend:loads_long_string_memoryview,base,35.574630859375
complete_calls,frontend:loads_long_string_memoryview,cache1,36.160583984375
complete_calls,frontend:loads_long_string_memoryview,cache2,34.8447109375
complete_calls,frontend:loads_long_string_memoryview,orjson,79.64490625
complete_calls,frontend:loads_medium,base,588.49990625
complete_calls,frontend:loads_medium,cache1,560.93684375
complete_calls,frontend:loads_medium,cache2,553.14346875
complete_calls,frontend:loads_medium,orjson,432.59515625
complete_calls,frontend:loads_medium_array_view,base,557.633875
complete_calls,frontend:loads_medium_array_view,cache1,565.686
complete_calls,frontend:loads_medium_array_view,cache2,548.443796875
complete_calls,frontend:loads_medium_array_view,orjson,411.7270625
complete_calls,frontend:loads_medium_bytearray,base,564.2016875
complete_calls,frontend:loads_medium_bytearray,cache1,574.250046875
complete_calls,frontend:loads_medium_bytearray,cache2,556.78396875
complete_calls,frontend:loads_medium_bytearray,orjson,421.574328125
complete_calls,frontend:loads_medium_memoryview,base,560.802921875
complete_calls,frontend:loads_medium_memoryview,cache1,560.89315625
complete_calls,frontend:loads_medium_memoryview,cache2,576.89221875
complete_calls,frontend:loads_medium_memoryview,orjson,420.246421875
complete_calls,frontend:loads_repeated_escaped_keys,base,226.10442578125
complete_calls,frontend:loads_repeated_escaped_keys,cache1,225.08098828125
complete_calls,frontend:loads_repeated_escaped_keys,cache2,214.62848046875
complete_calls,frontend:loads_repeated_escaped_keys,orjson,145.91323046875
complete_calls,frontend:loads_root_at_threshold,base,0.33280743408203123
complete_calls,frontend:loads_root_at_threshold,cache1,0.33614073181152343
complete_calls,frontend:loads_root_at_threshold,cache2,0.33083404541015626
complete_calls,frontend:loads_root_at_threshold,orjson,0.46485157775878905
complete_calls,frontend:loads_root_below_threshold,base,0.32256953430175783
complete_calls,frontend:loads_root_below_threshold,cache1,0.3248610992431641
complete_calls,frontend:loads_root_below_threshold,cache2,0.33795030212402344
complete_calls,frontend:loads_root_below_threshold,orjson,0.46714822387695315
complete_calls,frontend:loads_root_bmp,base,232.096203125
complete_calls,frontend:loads_root_bmp,cache1,237.347140625
complete_calls,frontend:loads_root_bmp,cache2,232.28759375
complete_calls,frontend:loads_root_bmp,orjson,149.75798828125
complete_calls,frontend:loads_root_dense_escapes,base,232.10969921875
complete_calls,frontend:loads_root_dense_escapes,cache1,190.82532421875
complete_calls,frontend:loads_root_dense_escapes,cache2,206.0664375
complete_calls,frontend:loads_root_dense_escapes,orjson,154.54540234375
complete_calls,frontend:loads_root_early_quote,base,33.7689375
complete_calls,frontend:loads_root_early_quote,cache1,33.367927734375
complete_calls,frontend:loads_root_early_quote,cache2,32.0194765625
complete_calls,frontend:loads_root_early_quote,orjson,88.374318359375
complete_calls,frontend:loads_root_empty,base,0.23715196990966797
complete_calls,frontend:loads_root_empty,cache1,0.23938491821289062
complete_calls,frontend:loads_root_empty,cache2,0.23831617736816407
complete_calls,frontend:loads_root_empty,orjson,0.1653493118286133
complete_calls,frontend:loads_root_late_quote,base,34.8468203125
complete_calls,frontend:loads_root_late_quote,cache1,33.244802734375
complete_calls,frontend:loads_root_late_quote,cache2,33.331984375
complete_calls,frontend:loads_root_late_quote,orjson,73.708833984375
complete_calls,frontend:loads_root_latin1,base,249.39365625
complete_calls,frontend:loads_root_latin1,cache1,256.19478125
complete_calls,frontend:loads_root_latin1,cache2,244.6513203125
complete_calls,frontend:loads_root_latin1,orjson,188.439625
complete_calls,frontend:loads_root_long,base,25.097529296875
complete_calls,frontend:loads_root_long,cache1,26.16182421875
complete_calls,frontend:loads_root_long,cache2,25.06520703125
complete_calls,frontend:loads_root_long,orjson,73.0406171875
complete_calls,frontend:loads_root_medium,base,1.0790634765625
complete_calls,frontend:loads_root_medium,cache1,1.1181820068359376
complete_calls,frontend:loads_root_medium,cache2,1.0839508666992188
complete_calls,frontend:loads_root_medium,orjson,2.4381181030273438
complete_calls,frontend:loads_root_non_bmp,base,205.48537890625
complete_calls,frontend:loads_root_non_bmp,cache1,204.5962890625
complete_calls,frontend:loads_root_non_bmp,cache2,203.50434765625
complete_calls,frontend:loads_root_non_bmp,orjson,135.14378125
complete_calls,frontend:loads_root_tiny,base,0.279697509765625
complete_calls,frontend:loads_root_tiny,cache1,0.2777774505615234
complete_calls,frontend:loads_root_tiny,cache2,0.28242757415771486
complete_calls,frontend:loads_root_tiny,orjson,0.3414968490600586
complete_calls,frontend:loads_small,base,1.0397518920898436
complete_calls,frontend:loads_small,cache1,1.056271270751953
complete_calls,frontend:loads_small,cache2,1.0441673278808594
complete_calls,frontend:loads_small,orjson,0.8087210998535156
complete_calls,frontend:loads_small_array_view,base,1.2027916870117188
complete_calls,frontend:loads_small_array_view,cache1,1.169219940185547
complete_calls,frontend:loads_small_array_view,cache2,1.1837118225097656
complete_calls,frontend:loads_small_array_view,orjson,0.8148439331054688
complete_calls,frontend:loads_small_bytearray,base,1.0940824584960938
complete_calls,frontend:loads_small_bytearray,cache1,1.0735398864746093
complete_calls,frontend:loads_small_bytearray,cache2,1.0788724060058594
complete_calls,frontend:loads_small_bytearray,orjson,0.8256258239746094
complete_calls,frontend:loads_small_memoryview,base,1.2261300354003906
complete_calls,frontend:loads_small_memoryview,cache1,1.1525565795898438
complete_calls,frontend:loads_small_memoryview,cache2,1.1841027221679687
complete_calls,frontend:loads_small_memoryview,orjson,0.8260295715332031
complete_calls,frontend:loads_strings,base,72.99803515625
complete_calls,frontend:loads_strings,cache1,73.244822265625
complete_calls,frontend:loads_strings,cache2,71.11826953125
complete_calls,frontend:loads_strings,orjson,60.90223046875
complete_calls,frontend:loads_strings_array_view,base,72.527439453125
complete_calls,frontend:loads_strings_array_view,cache1,73.644927734375
complete_calls,frontend:loads_strings_array_view,cache2,72.44215625
complete_calls,frontend:loads_strings_array_view,orjson,59.218126953125
complete_calls,frontend:loads_strings_bytearray,base,72.459943359375
complete_calls,frontend:loads_strings_bytearray,cache1,74.6880703125
complete_calls,frontend:loads_strings_bytearray,cache2,72.0275703125
complete_calls,frontend:loads_strings_bytearray,orjson,58.81091796875
complete_calls,frontend:loads_strings_memoryview,base,73.249609375
complete_calls,frontend:loads_strings_memoryview,cache1,76.4891640625
complete_calls,frontend:loads_strings_memoryview,cache2,72.879947265625
complete_calls,frontend:loads_strings_memoryview,orjson,59.88323046875
complete_calls,frontend:loads_unicode_escapes,base,280.2568671875
complete_calls,frontend:loads_unicode_escapes,cache1,296.7022421875
complete_calls,frontend:loads_unicode_escapes,cache2,278.333984375
complete_calls,frontend:loads_unicode_escapes,orjson,75.4727578125
complete_calls,frontend:loads_unique_escaped_keys,base,142.78996484375
complete_calls,frontend:loads_unique_escaped_keys,cache1,140.72408984375
complete_calls,frontend:loads_unique_escaped_keys,cache2,134.338375
complete_calls,frontend:loads_unique_escaped_keys,orjson,67.984421875
complete_calls,numbers:dumps_float_bits,base,478.005234375
complete_calls,numbers:dumps_float_bits,cache1,489.438484375
complete_calls,numbers:dumps_float_bits,cache2,482.040578125
complete_calls,numbers:dumps_float_bits,orjson,398.80834375
complete_calls,numbers:dumps_floats,base,448.6528125
complete_calls,numbers:dumps_floats,cache1,463.651953125
complete_calls,numbers:dumps_floats,cache2,463.552078125
complete_calls,numbers:dumps_floats,orjson,377.025546875
complete_calls,numbers:dumps_integers,base,213.093
complete_calls,numbers:dumps_integers,cache1,208.333421875
complete_calls,numbers:dumps_integers,cache2,212.92215625
complete_calls,numbers:dumps_integers,orjson,73.06975
complete_calls,numbers:dumps_medium,base,191.3382265625
complete_calls,numbers:dumps_medium,cache1,206.0869140625
complete_calls,numbers:dumps_medium,cache2,197.84025
complete_calls,numbers:dumps_medium,orjson,115.35762109375
complete_calls,numbers:dumps_mixed_integers,base,404.59934375
complete_calls,numbers:dumps_mixed_integers,cache1,409.617203125
complete_calls,numbers:dumps_mixed_integers,cache2,416.15078125
complete_calls,numbers:dumps_mixed_integers,orjson,654.59534375
complete_calls,numbers:dumps_random_small,base,280.62809375
complete_calls,numbers:dumps_random_small,cache1,269.2301328125
complete_calls,numbers:dumps_random_small,cache2,282.6237890625
complete_calls,numbers:dumps_random_small,orjson,152.1453203125
complete_calls,numbers:dumps_scalar_integer,base,0.14046594619750977
complete_calls,numbers:dumps_scalar_integer,cache1,0.15070293426513673
complete_calls,numbers:dumps_scalar_integer,cache2,0.14587768936157228
complete_calls,numbers:dumps_scalar_integer,orjson,0.16649282836914062
complete_calls,numbers:dumps_small,base,0.3317206802368164
complete_calls,numbers:dumps_small,cache1,0.3671471176147461
complete_calls,numbers:dumps_small,cache2,0.3225913314819336
complete_calls,numbers:dumps_small,orjson,0.22311807250976562
complete_calls,numbers:dumps_tiny_integers,base,0.2609144973754883
complete_calls,numbers:dumps_tiny_integers,cache1,0.25107842254638674
complete_calls,numbers:dumps_tiny_integers,cache2,0.25733018493652343
complete_calls,numbers:dumps_tiny_integers,orjson,0.19719693756103515
complete_calls,numbers:dumps_wide_signed,base,390.50815625
complete_calls,numbers:dumps_wide_signed,cache1,398.072421875
complete_calls,numbers:dumps_wide_signed,cache2,388.695796875
complete_calls,numbers:dumps_wide_signed,orjson,674.4259375
complete_calls,numbers:dumps_wide_unsigned,base,331.637046875
complete_calls,numbers:dumps_wide_unsigned,cache1,356.797453125
complete_calls,numbers:dumps_wide_unsigned,cache2,336.71590625
complete_calls,numbers:dumps_wide_unsigned,orjson,578.165703125
complete_calls,numbers:loads_float_bits,base,1363.10565625
complete_calls,numbers:loads_float_bits,cache1,1294.90778125
complete_calls,numbers:loads_float_bits,cache2,1254.64621875
complete_calls,numbers:loads_float_bits,orjson,786.5886875
complete_calls,numbers:loads_floats,base,859.157296875
complete_calls,numbers:loads_floats,cache1,864.94515625
complete_calls,numbers:loads_floats,cache2,811.480046875
complete_calls,numbers:loads_floats,orjson,521.711921875
complete_calls,numbers:loads_integers,base,465.0446640625
complete_calls,numbers:loads_integers,cache1,445.8019609375
complete_calls,numbers:loads_integers,cache2,458.093953125
complete_calls,numbers:loads_integers,orjson,322.96184375
complete_calls,numbers:loads_long_fractions,base,1362.8874375
complete_calls,numbers:loads_long_fractions,cache1,1308.96265625
complete_calls,numbers:loads_long_fractions,cache2,1351.0855625
complete_calls,numbers:loads_long_fractions,orjson,796.8195
complete_calls,numbers:loads_medium,base,474.99184375
complete_calls,numbers:loads_medium,cache1,481.031828125
complete_calls,numbers:loads_medium,cache2,471.8905
complete_calls,numbers:loads_medium,orjson,336.105125
complete_calls,numbers:loads_mixed_integers,base,805.488890625
complete_calls,numbers:loads_mixed_integers,cache1,769.65471875
complete_calls,numbers:loads_mixed_integers,cache2,815.273125
complete_calls,numbers:loads_mixed_integers,orjson,672.21246875
complete_calls,numbers:loads_overflow_integers,base,1620.14121875
complete_calls,numbers:loads_overflow_integers,cache1,1609.031375
complete_calls,numbers:loads_overflow_integers,cache2,1549.263
complete_calls,numbers:loads_overflow_integers,orjson,1089.34275
complete_calls,numbers:loads_random_small,base,552.228484375
complete_calls,numbers:loads_random_small,cache1,546.004296875
complete_calls,numbers:loads_random_small,cache2,536.741890625
complete_calls,numbers:loads_random_small,orjson,407.954484375
complete_calls,numbers:loads_scalar_integer,base,0.1376228675842285
complete_calls,numbers:loads_scalar_integer,cache1,0.13992977142333984
complete_calls,numbers:loads_scalar_integer,cache2,0.13654105758666993
complete_calls,numbers:loads_scalar_integer,orjson,0.20561366271972656
complete_calls,numbers:loads_small,base,0.6221989440917969
complete_calls,numbers:loads_small,cache1,0.6221671752929687
complete_calls,numbers:loads_small,cache2,0.6257506408691407
complete_calls,numbers:loads_small,orjson,0.4491968841552734
complete_calls,numbers:loads_tiny_integers,base,0.3919688186645508
complete_calls,numbers:loads_tiny_integers,cache1,0.3767058334350586
complete_calls,numbers:loads_tiny_integers,cache2,0.38425933837890625
complete_calls,numbers:loads_tiny_integers,orjson,0.35224309539794924
complete_calls,numbers:loads_wide_signed,base,793.010109375
complete_calls,numbers:loads_wide_signed,cache1,748.530796875
complete_calls,numbers:loads_wide_signed,cache2,776.943296875
complete_calls,numbers:loads_wide_signed,orjson,659.29321875
complete_calls,numbers:loads_wide_unsigned,base,658.361921875
complete_calls,numbers:loads_wide_unsigned,cache1,664.84821875
complete_calls,numbers:loads_wide_unsigned,cache2,671.131859375
complete_calls,numbers:loads_wide_unsigned,orjson,500.07359375
complete_calls,numbers:loads_zero_forms,base,0.6262365417480469
complete_calls,numbers:loads_zero_forms,cache1,0.6236266784667969
complete_calls,numbers:loads_zero_forms,cache2,0.6166571655273437
complete_calls,numbers:loads_zero_forms,orjson,0.3878984680175781
complete_calls,numpy:datetime_D_16,base,6.046753051757812
complete_calls,numpy:datetime_D_16,cache1,6.091689575195312
complete_calls,numpy:datetime_D_16,cache2,5.946286010742187
complete_calls,numpy:datetime_D_16,orjson,2.6477989501953125
complete_calls,numpy:datetime_D_4096,base,160.4291484375
complete_calls,numpy:datetime_D_4096,cache1,158.1538515625
complete_calls,numpy:datetime_D_4096,cache2,155.3763671875
complete_calls,numpy:datetime_D_4096,orjson,346.1695703125
complete_calls,numpy:datetime_D_scalar,base,4.915875122070313
complete_calls,numpy:datetime_D_scalar,cache1,4.439399780273438
complete_calls,numpy:datetime_D_scalar,cache2,4.504385131835938
complete_calls,numpy:datetime_D_scalar,orjson,1.3552974853515625
complete_calls,numpy:datetime_M_16,base,5.673497436523437
complete_calls,numpy:datetime_M_16,cache1,5.603264282226562
complete_calls,numpy:datetime_M_16,cache2,5.778023193359375
complete_calls,numpy:datetime_M_16,orjson,2.7725263671875
complete_calls,numpy:datetime_M_4096,base,129.094125
complete_calls,numpy:datetime_M_4096,cache1,129.9585390625
complete_calls,numpy:datetime_M_4096,cache2,132.4634296875
complete_calls,numpy:datetime_M_4096,orjson,356.16440625
complete_calls,numpy:datetime_M_scalar,base,4.576302490234375
complete_calls,numpy:datetime_M_scalar,cache1,4.439134887695312
complete_calls,numpy:datetime_M_scalar,cache2,4.487034912109375
complete_calls,numpy:datetime_M_scalar,orjson,1.31557177734375
complete_calls,numpy:datetime_Y_16,base,5.77759228515625
complete_calls,numpy:datetime_Y_16,cache1,5.630056396484375
complete_calls,numpy:datetime_Y_16,cache2,5.75450732421875
complete_calls,numpy:datetime_Y_16,orjson,2.5051494140625
complete_calls,numpy:datetime_Y_4096,base,119.4852265625
complete_calls,numpy:datetime_Y_4096,cache1,116.1791171875
complete_calls,numpy:datetime_Y_4096,cache2,114.4188515625
complete_calls,numpy:datetime_Y_4096,orjson,300.9872421875
complete_calls,numpy:datetime_Y_scalar,base,4.627521728515625
complete_calls,numpy:datetime_Y_scalar,cache1,4.340664672851562
complete_calls,numpy:datetime_Y_scalar,cache2,4.523550415039063
complete_calls,numpy:datetime_Y_scalar,orjson,1.3128310546875
complete_calls,numpy:datetime_ns_16,base,5.9419990234375
complete_calls,numpy:datetime_ns_16,cache1,5.725530883789062
complete_calls,numpy:datetime_ns_16,cache2,5.721971801757812
complete_calls,numpy:datetime_ns_16,orjson,2.9487069091796876
complete_calls,numpy:datetime_ns_4096,base,123.4527421875
complete_calls,numpy:datetime_ns_4096,cache1,128.26778125
complete_calls,numpy:datetime_ns_4096,cache2,124.5351015625
complete_calls,numpy:datetime_ns_4096,orjson,429.6485625
complete_calls,numpy:datetime_ns_scalar,base,4.844816162109375
complete_calls,numpy:datetime_ns_scalar,cache1,4.479104614257812
complete_calls,numpy:datetime_ns_scalar,cache2,4.97271826171875
complete_calls,numpy:datetime_ns_scalar,orjson,1.42661572265625
complete_calls,numpy:datetime_s_16,base,5.7050758056640625
complete_calls,numpy:datetime_s_16,cache1,5.53597265625
complete_calls,numpy:datetime_s_16,cache2,5.525283325195312
complete_calls,numpy:datetime_s_16,orjson,2.6424459228515627
complete_calls,numpy:datetime_s_4096,base,106.731234375
complete_calls,numpy:datetime_s_4096,cache1,111.2432109375
complete_calls,numpy:datetime_s_4096,cache2,105.9219140625
complete_calls,numpy:datetime_s_4096,orjson,340.8999140625
complete_calls,numpy:datetime_s_scalar,base,4.60501806640625
complete_calls,numpy:datetime_s_scalar,cache1,4.343310424804687
complete_calls,numpy:datetime_s_scalar,cache2,4.526259521484375
complete_calls,numpy:datetime_s_scalar,orjson,1.3031978759765626
complete_calls,numpy:datetime_us_16,base,5.801320678710938
complete_calls,numpy:datetime_us_16,cache1,5.7170166015625
complete_calls,numpy:datetime_us_16,cache2,5.57766943359375
complete_calls,numpy:datetime_us_16,orjson,2.990107666015625
complete_calls,numpy:datetime_us_4096,base,114.8766953125
complete_calls,numpy:datetime_us_4096,cache1,117.185171875
complete_calls,numpy:datetime_us_4096,cache2,114.1024140625
complete_calls,numpy:datetime_us_4096,orjson,437.4014609375
complete_calls,numpy:datetime_us_4096_naive_utc,base,123.383453125
complete_calls,numpy:datetime_us_4096_naive_utc,cache1,126.483015625
complete_calls,numpy:datetime_us_4096_naive_utc,cache2,124.2993671875
complete_calls,numpy:datetime_us_4096_naive_utc,orjson,438.0939609375
complete_calls,numpy:datetime_us_4096_naive_utc_omit_microseconds,base,109.45896875
complete_calls,numpy:datetime_us_4096_naive_utc_omit_microseconds,cache1,111.9988125
complete_calls,numpy:datetime_us_4096_naive_utc_omit_microseconds,cache2,116.5201484375
complete_calls,numpy:datetime_us_4096_naive_utc_omit_microseconds,orjson,392.046
complete_calls,numpy:datetime_us_4096_naive_utc_omit_microseconds_utc_z,base,105.5542109375
complete_calls,numpy:datetime_us_4096_naive_utc_omit_microseconds_utc_z,cache1,109.6258828125
complete_calls,numpy:datetime_us_4096_naive_utc_omit_microseconds_utc_z,cache2,110.085921875
complete_calls,numpy:datetime_us_4096_naive_utc_omit_microseconds_utc_z,orjson,382.297796875
complete_calls,numpy:datetime_us_4096_naive_utc_z,base,117.7919140625
complete_calls,numpy:datetime_us_4096_naive_utc_z,cache1,132.6693671875
complete_calls,numpy:datetime_us_4096_naive_utc_z,cache2,123.8387734375
complete_calls,numpy:datetime_us_4096_naive_utc_z,orjson,441.0684140625
complete_calls,numpy:datetime_us_4096_omit_microseconds,base,102.8099375
complete_calls,numpy:datetime_us_4096_omit_microseconds,cache1,105.6907734375
complete_calls,numpy:datetime_us_4096_omit_microseconds,cache2,105.0887265625
complete_calls,numpy:datetime_us_4096_omit_microseconds,orjson,383.26021875
complete_calls,numpy:datetime_us_4096_omit_microseconds_utc_z,base,103.0028125
complete_calls,numpy:datetime_us_4096_omit_microseconds_utc_z,cache1,104.5391640625
complete_calls,numpy:datetime_us_4096_omit_microseconds_utc_z,cache2,109.173828125
complete_calls,numpy:datetime_us_4096_omit_microseconds_utc_z,orjson,378.6308515625
complete_calls,numpy:datetime_us_4096_utc_z,base,117.0258828125
complete_calls,numpy:datetime_us_4096_utc_z,cache1,115.75290625
complete_calls,numpy:datetime_us_4096_utc_z,cache2,120.888859375
complete_calls,numpy:datetime_us_4096_utc_z,orjson,432.6266640625
complete_calls,numpy:datetime_us_empty,base,4.925651245117187
complete_calls,numpy:datetime_us_empty,cache1,4.760002807617187
complete_calls,numpy:datetime_us_empty,cache2,4.865357177734375
complete_calls,numpy:datetime_us_empty,orjson,1.318201416015625
complete_calls,numpy:datetime_us_matrix,base,117.3328046875
complete_calls,numpy:datetime_us_matrix,cache1,117.065046875
complete_calls,numpy:datetime_us_matrix,cache2,117.32853125
complete_calls,numpy:datetime_us_matrix,orjson,440.8497890625
complete_calls,numpy:datetime_us_scalar,base,4.944698120117187
complete_calls,numpy:datetime_us_scalar,cache1,4.479669921875
complete_calls,numpy:datetime_us_scalar,cache2,4.557763916015625
complete_calls,numpy:datetime_us_scalar,orjson,1.3758568115234375
complete_calls,numpy:datetime_us_under_dict,base,119.5644140625
complete_calls,numpy:datetime_us_under_dict,cache1,118.260984375
complete_calls,numpy:datetime_us_under_dict,cache2,124.2416484375
complete_calls,numpy:datetime_us_under_dict,orjson,432.1311328125
complete_calls,output:dataclass_default,base,433.209265625
complete_calls,output:dataclass_default,cache1,451.147578125
complete_calls,output:dataclass_default,cache2,439.3898671875
complete_calls,output:dataclass_default,orjson,232.949453125
complete_calls,output:dataclass_fields16,base,1163.6260625
complete_calls,output:dataclass_fields16,cache1,1189.96275
complete_calls,output:dataclass_fields16,cache2,1253.626125
complete_calls,output:dataclass_fields16,orjson,497.0781875
complete_calls,output:dataclass_fields8,base,656.123484375
complete_calls,output:dataclass_fields8,cache1,657.9478125
complete_calls,output:dataclass_fields8,cache2,677.15778125
complete_calls,output:dataclass_fields8,orjson,296.65665625
complete_calls,output:dataclass_indent,base,337.3414453125
complete_calls,output:dataclass_indent,cache1,334.3368671875
complete_calls,output:dataclass_indent,cache2,340.281703125
complete_calls,output:dataclass_indent,orjson,164.8198671875
complete_calls,output:dataclass_nested,base,794.46675
complete_calls,output:dataclass_nested,cache1,811.36365625
complete_calls,output:dataclass_nested,cache2,822.260796875
complete_calls,output:dataclass_nested,orjson,335.568875
complete_calls,output:dataclass_single,base,1.4394949951171876
complete_calls,output:dataclass_single,cache1,1.38862646484375
complete_calls,output:dataclass_single,cache2,1.390980743408203
complete_calls,output:dataclass_single,orjson,0.4176006774902344
complete_calls,output:dataclass_slots,base,1059.49428125
complete_calls,output:dataclass_slots,cache1,1064.24684375
complete_calls,output:dataclass_slots,cache2,1052.9345
complete_calls,output:dataclass_slots,orjson,644.843875
complete_calls,output:dataclass_slots_single,base,2.260958557128906
complete_calls,output:dataclass_slots_single,cache1,2.2895093994140625
complete_calls,output:dataclass_slots_single,cache2,2.2513585205078126
complete_calls,output:dataclass_slots_single,orjson,0.9611473999023438
complete_calls,output:dataclass_sorted,base,864.51609375
complete_calls,output:dataclass_sorted,cache1,894.564140625
complete_calls,output:dataclass_sorted,cache2,887.543265625
complete_calls,output:dataclass_sorted,orjson,380.11134375
complete_calls,output:dataclasses,base,306.586203125
complete_calls,output:dataclasses,cache1,314.4789609375
complete_calls,output:dataclasses,cache2,305.135546875
complete_calls,output:dataclasses,orjson,130.4201484375
complete_calls,output:escaped,base,179.06170703125
complete_calls,output:escaped,cache1,175.4041328125
complete_calls,output:escaped,cache2,171.5489375
complete_calls,output:escaped,orjson,59.492359375
complete_calls,output:floats,base,456.480890625
complete_calls,output:floats,cache1,444.665671875
complete_calls,output:floats,cache2,453.8465703125
complete_calls,output:floats,orjson,377.473125
complete_calls,output:indent_integers,base,280.5353203125
complete_calls,output:indent_integers,cache1,229.9281171875
complete_calls,output:indent_integers,cache2,266.8439453125
complete_calls,output:indent_integers,orjson,152.4481328125
complete_calls,output:integer_keys,base,71.6969375
complete_calls,output:integer_keys,cache1,76.73259375
complete_calls,output:integer_keys,cache2,71.62284765625
complete_calls,output:integer_keys,orjson,60.75368359375
complete_calls,output:integers,base,212.05053515625
complete_calls,output:integers,cache1,192.92459375
complete_calls,output:integers,cache2,217.5916875
complete_calls,output:integers,orjson,73.24040625
complete_calls,output:integers_tiny,base,0.39494091033935547
complete_calls,output:integers_tiny,cache1,0.3954078063964844
complete_calls,output:integers_tiny,cache2,0.4040779800415039
complete_calls,output:integers_tiny,orjson,0.3327015838623047
complete_calls,output:integers_wide_signed,base,398.69728125
complete_calls,output:integers_wide_signed,cache1,360.942890625
complete_calls,output:integers_wide_signed,cache2,389.583203125
complete_calls,output:integers_wide_signed,orjson,674.41809375
complete_calls,output:integers_wide_unsigned,base,320.07321875
complete_calls,output:integers_wide_unsigned,cache1,323.24378125
complete_calls,output:integers_wide_unsigned,cache2,333.370578125
complete_calls,output:integers_wide_unsigned,orjson,559.8504375
complete_calls,output:late_default,base,15.81791455078125
complete_calls,output:late_default,cache1,15.8527451171875
complete_calls,output:late_default,cache2,16.3836865234375
complete_calls,output:late_default,orjson,3.82261767578125
complete_calls,output:long_string,base,28.10713330078125
complete_calls,output:long_string,cache1,23.31355908203125
complete_calls,output:long_string,cache2,26.774345703125
complete_calls,output:long_string,orjson,8.4444951171875
complete_calls,output:medium,base,238.52048828125
complete_calls,output:medium,cache1,236.34467578125
complete_calls,output:medium,cache2,236.89590625
complete_calls,output:medium,orjson,132.3744375
complete_calls,output:numpy_float32,base,4109.6965
complete_calls,output:numpy_float32,cache1,4061.993875
complete_calls,output:numpy_float32,cache2,4097.716625
complete_calls,output:numpy_float32,orjson,4722.408125
complete_calls,output:numpy_int64,base,1741.0559375
complete_calls,output:numpy_int64,cache1,1613.577875
complete_calls,output:numpy_int64,cache2,1641.1915625
complete_calls,output:numpy_int64,orjson,2180.250375
complete_calls,output:scalar_integer,base,0.2750861282348633
complete_calls,output:scalar_integer,cache1,0.27347818756103515
complete_calls,output:scalar_integer,cache2,0.2808577575683594
complete_calls,output:scalar_integer,orjson,0.28670761108398435
complete_calls,output:small,base,0.6390355072021484
complete_calls,output:small,cache1,0.6269189453125
complete_calls,output:small,cache2,0.6251380767822265
complete_calls,output:small,orjson,0.4269024200439453
complete_calls,output:sorted_medium,base,370.7880703125
complete_calls,output:sorted_medium,cache1,382.2967265625
complete_calls,output:sorted_medium,cache2,374.063015625
complete_calls,output:sorted_medium,orjson,196.6915078125
complete_calls,output:strict_integers,base,229.8655234375
complete_calls,output:strict_integers,cache1,201.55965234375
complete_calls,output:strict_integers,cache2,215.77393359375
complete_calls,output:strict_integers,orjson,73.542
complete_calls,output:strings,base,43.4351630859375
complete_calls,output:strings,cache1,47.1078369140625
complete_calls,output:strings,cache2,47.22873046875
complete_calls,output:strings,orjson,12.8934541015625
complete_calls,public:dumps:apache_builds,base,208.43040875912408
complete_calls,public:dumps:apache_builds,cache1,215.558661971831
complete_calls,public:dumps:apache_builds,cache2,209.66540972222222
complete_calls,public:dumps:apache_builds,orjson,75.12690163934425
complete_calls,public:dumps:canada,base,9454.544
complete_calls,public:dumps:canada,cache1,9538.08525
complete_calls,public:dumps:canada,cache2,9107.583
complete_calls,public:dumps:canada,orjson,5283.103833333333
complete_calls,public:dumps:citm_catalog,base,2429.6733846153843
complete_calls,public:dumps:citm_catalog,cache1,2412.5504166666665
complete_calls,public:dumps:citm_catalog,cache2,2379.494642857143
complete_calls,public:dumps:citm_catalog,orjson,910.3068181818182
complete_calls,public:dumps:github_events,base,105.48212925170068
complete_calls,public:dumps:github_events,cache1,108.68722012578615
complete_calls,public:dumps:github_events,cache2,104.49917894736842
complete_calls,public:dumps:github_events,orjson,31.884907368421054
complete_calls,public:dumps:google_maps_api_response,base,47.39465934065934
complete_calls,public:dumps:google_maps_api_response,cache1,50.35418660287081
complete_calls,public:dumps:google_maps_api_response,cache2,48.2291073253833
complete_calls,public:dumps:google_maps_api_response,orjson,20.18044147582697
complete_calls,public:dumps:gsoc-2018,base,3755.663875
complete_calls,public:dumps:gsoc-2018,cache1,3961.1428571428573
complete_calls,public:dumps:gsoc-2018,cache2,3558.9274285714287
complete_calls,public:dumps:gsoc-2018,orjson,1407.931818181818
complete_calls,public:dumps:instruments,base,399.84169333333335
complete_calls,public:dumps:instruments,cache1,412.7711216216216
complete_calls,public:dumps:instruments,cache2,377.0598625
complete_calls,public:dumps:instruments,orjson,150.39691978609625
complete_calls,public:dumps:marine_ik,base,13407.238333333335
complete_calls,public:dumps:marine_ik,cache1,12221.441333333334
complete_calls,public:dumps:marine_ik,cache2,12908.726333333334
complete_calls,public:dumps:marine_ik,orjson,7265.567400000001
complete_calls,public:dumps:mesh,base,2779.7185833333333
complete_calls,public:dumps:mesh,cache1,2732.321
complete_calls,public:dumps:mesh,cache2,2803.6526363636362
complete_calls,public:dumps:mesh,orjson,1863.063388888889
complete_calls,public:dumps:numbers,base,480.7304920634921
complete_calls,public:dumps:numbers,cache1,483.41273333333334
complete_calls,public:dumps:numbers,cache2,468.7844615384616
complete_calls,public:dumps:numbers,orjson,401.1085
complete_calls,public:dumps:otfcc,base,1146353.897
complete_calls,public:dumps:otfcc,cache1,1198411.079
complete_calls,public:dumps:otfcc,cache2,1289737.844
complete_calls,public:dumps:otfcc,orjson,559434.42
complete_calls,public:dumps:poet,base,12428.111333333334
complete_calls,public:dumps:poet,cache1,13089.197333333334
complete_calls,public:dumps:poet,cache2,12030.158666666666
complete_calls,public:dumps:poet,orjson,2193.8815
complete_calls,public:dumps:random,base,1741.5972777777777
complete_calls,public:dumps:random,cache1,1711.697
complete_calls,public:dumps:random,cache2,1709.956
complete_calls,public:dumps:random,orjson,561.3920181818182
complete_calls,public:dumps:semanticscholar-corpus,base,24063.556
complete_calls,public:dumps:semanticscholar-corpus,cache1,25525.561
complete_calls,public:dumps:semanticscholar-corpus,cache2,23274.579
complete_calls,public:dumps:semanticscholar-corpus,orjson,10599.406333333334
complete_calls,public:dumps:tree-pretty,base,65.13385430463576
complete_calls,public:dumps:tree-pretty,cache1,65.11467898383373
complete_calls,public:dumps:tree-pretty,cache2,61.84328
complete_calls,public:dumps:tree-pretty,orjson,25.204977649006622
complete_calls,public:dumps:twitter,base,1397.8549130434783
complete_calls,public:dumps:twitter,cache1,1392.6334210526318
complete_calls,public:dumps:twitter,cache2,1309.0572916666667
complete_calls,public:dumps:twitter,orjson,413.95914864864864
complete_calls,public:dumps:twitterescaped,base,1329.6309166666667
complete_calls,public:dumps:twitterescaped,cache1,1396.0661304347827
complete_calls,public:dumps:twitterescaped,cache2,1309.3619090909092
complete_calls,public:dumps:twitterescaped,orjson,427.02221621621624
complete_calls,public:dumps:update-center,base,1436.9911499999998
complete_calls,public:dumps:update-center,cache1,1546.1574285714287
complete_calls,public:dumps:update-center,cache2,1448.0746190476189
complete_calls,public:dumps:update-center,orjson,508.5286101694915
complete_calls,public:loads:apache_builds,base,489.2039166666667
complete_calls,public:loads:apache_builds,cache1,514.9170508474576
complete_calls,public:loads:apache_builds,cache2,483.324953125
complete_calls,public:loads:apache_builds,orjson,405.4359861111111
complete_calls,public:loads:canada,base,41990.748
complete_calls,public:loads:canada,cache1,35863.605
complete_calls,public:loads:canada,cache2,38871.72
complete_calls,public:loads:canada,orjson,19496.863
complete_calls,public:loads:citm_catalog,base,7052.63225
complete_calls,public:loads:citm_catalog,cache1,7339.1472
complete_calls,public:loads:citm_catalog,cache2,6209.324799999999
complete_calls,public:loads:citm_catalog,orjson,4451.199285714285
complete_calls,public:loads:github_events,base,237.54083846153847
complete_calls,public:loads:github_events,cache1,262.53721008403363
complete_calls,public:loads:github_events,cache2,231.75407865168538
complete_calls,public:loads:github_events,orjson,168.67636994219652
complete_calls,public:loads:google_maps_api_response,base,131.12195238095237
complete_calls,public:loads:google_maps_api_response,cache1,134.9187365591398
complete_calls,public:loads:google_maps_api_response,cache2,128.4610425531915
complete_calls,public:loads:google_maps_api_response,orjson,89.64741666666667
complete_calls,public:loads:gsoc-2018,base,6312.093
complete_calls,public:loads:gsoc-2018,cache1,6757.1312
complete_calls,public:loads:gsoc-2018,cache2,6332.573
complete_calls,public:loads:gsoc-2018,orjson,28498.5335
complete_calls,public:loads:instruments,base,948.0300606060606
complete_calls,public:loads:instruments,cache1,948.4214242424242
complete_calls,public:loads:instruments,cache2,929.1476129032258
complete_calls,public:loads:instruments,orjson,665.4077826086957
complete_calls,public:loads:marine_ik,base,47687.244
complete_calls,public:loads:marine_ik,cache1,43470.397
complete_calls,public:loads:marine_ik,cache2,42136.65
complete_calls,public:loads:marine_ik,orjson,80087.186
complete_calls,public:loads:mesh,base,5278.743666666667
complete_calls,public:loads:mesh,cache1,5044.007666666667
complete_calls,public:loads:mesh,cache2,5313.426
complete_calls,public:loads:mesh,orjson,3644.9075555555555
complete_calls,public:loads:numbers,base,792.4988684210526
complete_calls,public:loads:numbers,cache1,798.317947368421
complete_calls,public:loads:numbers,cache2,761.4379512195121
complete_calls,public:loads:numbers,orjson,505.42373214285715
complete_calls,public:loads:otfcc,base,2892142.917
complete_calls,public:loads:otfcc,cache1,3021132.041
complete_calls,public:loads:otfcc,cache2,2895012.212
complete_calls,public:loads:otfcc,orjson,4842152.987
complete_calls,public:loads:poet,base,14471.5585
complete_calls,public:loads:poet,cache1,16729.220666666664
complete_calls,public:loads:poet,cache2,15352.431666666665
complete_calls,public:loads:poet,orjson,13901.791
complete_calls,public:loads:random,base,4500.216571428572
complete_calls,public:loads:random,cache1,4502.890571428572
complete_calls,public:loads:random,cache2,4300.2365
complete_calls,public:loads:random,orjson,2920.422
complete_calls,public:loads:semanticscholar-corpus,base,101970.476
complete_calls,public:loads:semanticscholar-corpus,cache1,111442.15
complete_calls,public:loads:semanticscholar-corpus,cache2,108663.633
complete_calls,public:loads:semanticscholar-corpus,orjson,169122.687
complete_calls,public:loads:tree-pretty,base,164.87280107526882
complete_calls,public:loads:tree-pretty,cache1,161.97662162162163
complete_calls,public:loads:tree-pretty,cache2,158.4624126984127
complete_calls,public:loads:tree-pretty,orjson,95.53881395348837
complete_calls,public:loads:twitter,base,3375.8943
complete_calls,public:loads:twitter,cache1,3227.2318
complete_calls,public:loads:twitter,cache2,3402.214888888889
complete_calls,public:loads:twitter,orjson,1911.087142857143
complete_calls,public:loads:twitterescaped,base,3230.347
complete_calls,public:loads:twitterescaped,cache1,3250.4686
complete_calls,public:loads:twitterescaped,cache2,3144.693
complete_calls,public:loads:twitterescaped,orjson,1975.9003333333333
complete_calls,public:loads:update-center,base,2821.8225833333336
complete_calls,public:loads:update-center,cache1,2868.899636363636
complete_calls,public:loads:update-center,cache2,2937.5175454545456
complete_calls,public:loads:update-center,orjson,2489.2685384615384
complete_calls,strings:dumps/escaped_keys/object,base,165.976453125
complete_calls,strings:dumps/escaped_keys/object,cache1,176.62728515625
complete_calls,strings:dumps/escaped_keys/object,cache2,165.69741015625
complete_calls,strings:dumps/escaped_keys/object,orjson,77.0255
complete_calls,strings:dumps/escaped_values/object,base,65.93900390625
complete_calls,strings:dumps/escaped_values/object,cache1,70.836306640625
complete_calls,strings:dumps/escaped_values/object,cache2,62.727349609375
complete_calls,strings:dumps/escaped_values/object,orjson,32.280833984375
complete_calls,strings:dumps/integers/object,base,208.335046875
complete_calls,strings:dumps/integers/object,cache1,194.66915625
complete_calls,strings:dumps/integers/object,cache2,214.7934296875
complete_calls,strings:dumps/integers/object,orjson,73.0507109375
complete_calls,strings:dumps/late_escape/object,base,28.945634765625
complete_calls,strings:dumps/late_escape/object,cache1,29.180705078125
complete_calls,strings:dumps/late_escape/object,cache2,30.00790625
complete_calls,strings:dumps/late_escape/object,orjson,8.35816796875
complete_calls,strings:dumps/long_escaped/object,base,82.9913046875
complete_calls,strings:dumps/long_escaped/object,cache1,85.4423828125
complete_calls,strings:dumps/long_escaped/object,cache2,84.40440625
complete_calls,strings:dumps/long_escaped/object,orjson,92.081828125
complete_calls,strings:dumps/long_plain/object,base,29.62720458984375
complete_calls,strings:dumps/long_plain/object,cache1,29.18241796875
complete_calls,strings:dumps/long_plain/object,cache2,30.0749052734375
complete_calls,strings:dumps/long_plain/object,orjson,8.3695478515625
complete_calls,strings:dumps/medium/object,base,247.41053125
complete_calls,strings:dumps/medium/object,cache1,235.88191796875
complete_calls,strings:dumps/medium/object,cache2,234.976078125
complete_calls,strings:dumps/medium/object,orjson,136.651546875
complete_calls,strings:dumps/plain_values/object,base,41.8760830078125
complete_calls,strings:dumps/plain_values/object,cache1,46.725333984375
complete_calls,strings:dumps/plain_values/object,cache2,45.895072265625
complete_calls,strings:dumps/plain_values/object,orjson,12.3590927734375
complete_calls,strings:dumps/short_escaped/object,base,0.15851978302001954
complete_calls,strings:dumps/short_escaped/object,cache1,0.16250202178955078
complete_calls,strings:dumps/short_escaped/object,cache2,0.16559609985351562
complete_calls,strings:dumps/short_escaped/object,orjson,0.17202607345581056
complete_calls,strings:dumps/short_plain/object,base,0.1395839729309082
complete_calls,strings:dumps/short_plain/object,cache1,0.14229082870483398
complete_calls,strings:dumps/short_plain/object,cache2,0.14034329223632813
complete_calls,strings:dumps/short_plain/object,orjson,0.16278699493408202
complete_calls,strings:dumps/unicode_escapes/object,base,70.93390234375
complete_calls,strings:dumps/unicode_escapes/object,cache1,65.502783203125
complete_calls,strings:dumps/unicode_escapes/object,cache2,67.353830078125
complete_calls,strings:dumps/unicode_escapes/object,orjson,10.72746484375
complete_calls,strings:dumps/unique_keys/object,base,50.789927734375
complete_calls,strings:dumps/unique_keys/object,cache1,52.6742294921875
complete_calls,strings:dumps/unique_keys/object,cache2,49.8981337890625
complete_calls,strings:dumps/unique_keys/object,orjson,22.8898798828125
complete_calls,strings:loads/escaped_keys/array_view,base,560.51909375
complete_calls,strings:loads/escaped_keys/array_view,cache1,611.866
complete_calls,strings:loads/escaped_keys/array_view,cache2,604.33378125
complete_calls,strings:loads/escaped_keys/array_view,orjson,287.38384375
complete_calls,strings:loads/escaped_keys/bytearray,base,563.912609375
complete_calls,strings:loads/escaped_keys/bytearray,cache1,608.308140625
complete_calls,strings:loads/escaped_keys/bytearray,cache2,566.93815625
complete_calls,strings:loads/escaped_keys/bytearray,orjson,295.7744375
complete_calls,strings:loads/escaped_keys/bytes,base,564.733015625
complete_calls,strings:loads/escaped_keys/bytes,cache1,577.779640625
complete_calls,strings:loads/escaped_keys/bytes,cache2,554.975671875
complete_calls,strings:loads/escaped_keys/bytes,orjson,293.5619375
complete_calls,strings:loads/escaped_keys/memoryview,base,562.634421875
complete_calls,strings:loads/escaped_keys/memoryview,cache1,604.46746875
complete_calls,strings:loads/escaped_keys/memoryview,cache2,565.80621875
complete_calls,strings:loads/escaped_keys/memoryview,orjson,290.54121875
complete_calls,strings:loads/escaped_values/array_view,base,127.84481640625
complete_calls,strings:loads/escaped_values/array_view,cache1,126.14542578125
complete_calls,strings:loads/escaped_values/array_view,cache2,124.2160859375
complete_calls,strings:loads/escaped_values/array_view,orjson,64.0631796875
complete_calls,strings:loads/escaped_values/bytearray,base,125.95032421875
complete_calls,strings:loads/escaped_values/bytearray,cache1,126.30246484375
complete_calls,strings:loads/escaped_values/bytearray,cache2,122.5116640625
complete_calls,strings:loads/escaped_values/bytearray,orjson,64.3743125
complete_calls,strings:loads/escaped_values/bytes,base,125.56981640625
complete_calls,strings:loads/escaped_values/bytes,cache1,121.35933984375
complete_calls,strings:loads/escaped_values/bytes,cache2,121.95428125
complete_calls,strings:loads/escaped_values/bytes,orjson,63.7933359375
complete_calls,strings:loads/escaped_values/memoryview,base,127.829953125
complete_calls,strings:loads/escaped_values/memoryview,cache1,130.14307421875
complete_calls,strings:loads/escaped_values/memoryview,cache2,123.5402890625
complete_calls,strings:loads/escaped_values/memoryview,orjson,64.360625
complete_calls,strings:loads/integers/array_view,base,452.7459453125
complete_calls,strings:loads/integers/array_view,cache1,441.4591015625
complete_calls,strings:loads/integers/array_view,cache2,455.3003828125
complete_calls,strings:loads/integers/array_view,orjson,326.394546875
complete_calls,strings:loads/integers/bytearray,base,458.9651328125
complete_calls,strings:loads/integers/bytearray,cache1,438.80334375
complete_calls,strings:loads/integers/bytearray,cache2,446.0332578125
complete_calls,strings:loads/integers/bytearray,orjson,323.592296875
complete_calls,strings:loads/integers/bytes,base,437.455609375
complete_calls,strings:loads/integers/bytes,cache1,453.8525546875
complete_calls,strings:loads/integers/bytes,cache2,448.6987734375
complete_calls,strings:loads/integers/bytes,orjson,321.8006328125
complete_calls,strings:loads/integers/memoryview,base,449.742015625
complete_calls,strings:loads/integers/memoryview,cache1,440.5261953125
complete_calls,strings:loads/integers/memoryview,cache2,457.8169609375
complete_calls,strings:loads/integers/memoryview,orjson,330.0616796875
complete_calls,strings:loads/late_escape/array_view,base,41.770248046875
complete_calls,strings:loads/late_escape/array_view,cache1,41.66696875
complete_calls,strings:loads/late_escape/array_view,cache2,42.0757421875
complete_calls,strings:loads/late_escape/array_view,orjson,82.44882421875
complete_calls,strings:loads/late_escape/bytearray,base,43.5555859375
complete_calls,strings:loads/late_escape/bytearray,cache1,41.892119140625
complete_calls,strings:loads/late_escape/bytearray,cache2,40.89853125
complete_calls,strings:loads/late_escape/bytearray,orjson,82.54883203125
complete_calls,strings:loads/late_escape/bytes,base,37.165951171875
complete_calls,strings:loads/late_escape/bytes,cache1,36.880732421875
complete_calls,strings:loads/late_escape/bytes,cache2,35.963578125
complete_calls,strings:loads/late_escape/bytes,orjson,81.77058203125
complete_calls,strings:loads/late_escape/memoryview,base,41.918380859375
complete_calls,strings:loads/late_escape/memoryview,cache1,41.66901171875
complete_calls,strings:loads/late_escape/memoryview,cache2,40.156984375
complete_calls,strings:loads/late_escape/memoryview,orjson,81.520033203125
complete_calls,strings:loads/long_escaped/array_view,base,117.17562109375
complete_calls,strings:loads/long_escaped/array_view,cache1,110.945794921875
complete_calls,strings:loads/long_escaped/array_view,cache2,113.971611328125
complete_calls,strings:loads/long_escaped/array_view,orjson,101.710041015625
complete_calls,strings:loads/long_escaped/bytearray,base,119.349890625
complete_calls,strings:loads/long_escaped/bytearray,cache1,114.29290234375
complete_calls,strings:loads/long_escaped/bytearray,cache2,115.59416015625
complete_calls,strings:loads/long_escaped/bytearray,orjson,103.04983203125
complete_calls,strings:loads/long_escaped/bytes,base,113.062568359375
complete_calls,strings:loads/long_escaped/bytes,cache1,107.8040625
complete_calls,strings:loads/long_escaped/bytes,cache2,107.889064453125
complete_calls,strings:loads/long_escaped/bytes,orjson,102.013703125
complete_calls,strings:loads/long_escaped/memoryview,base,116.31818359375
complete_calls,strings:loads/long_escaped/memoryview,cache1,109.403046875
complete_calls,strings:loads/long_escaped/memoryview,cache2,113.319572265625
complete_calls,strings:loads/long_escaped/memoryview,orjson,101.139087890625
complete_calls,strings:loads/long_plain/array_view,base,37.1144296875
complete_calls,strings:loads/long_plain/array_view,cache1,37.73881640625
complete_calls,strings:loads/long_plain/array_view,cache2,35.0591328125
complete_calls,strings:loads/long_plain/array_view,orjson,81.71096484375
complete_calls,strings:loads/long_plain/bytearray,base,36.69498828125
complete_calls,strings:loads/long_plain/bytearray,cache1,36.70815625
complete_calls,strings:loads/long_plain/bytearray,cache2,35.66356640625
complete_calls,strings:loads/long_plain/bytearray,orjson,81.8419921875
complete_calls,strings:loads/long_plain/bytes,base,28.640873046875
complete_calls,strings:loads/long_plain/bytes,cache1,28.624994140625
complete_calls,strings:loads/long_plain/bytes,cache2,26.695138671875
complete_calls,strings:loads/long_plain/bytes,orjson,82.247025390625
complete_calls,strings:loads/long_plain/memoryview,base,36.193744140625
complete_calls,strings:loads/long_plain/memoryview,cache1,36.8207578125
complete_calls,strings:loads/long_plain/memoryview,cache2,35.993326171875
complete_calls,strings:loads/long_plain/memoryview,orjson,81.776755859375
complete_calls,strings:loads/medium/array_view,base,590.262734375
complete_calls,strings:loads/medium/array_view,cache1,569.222390625
complete_calls,strings:loads/medium/array_view,cache2,576.83609375
complete_calls,strings:loads/medium/array_view,orjson,414.443796875
complete_calls,strings:loads/medium/bytearray,base,548.76475
complete_calls,strings:loads/medium/bytearray,cache1,561.181671875
complete_calls,strings:loads/medium/bytearray,cache2,551.114515625
complete_calls,strings:loads/medium/bytearray,orjson,409.617359375
complete_calls,strings:loads/medium/bytes,base,548.35978125
complete_calls,strings:loads/medium/bytes,cache1,564.056578125
complete_calls,strings:loads/medium/bytes,cache2,540.6720625
complete_calls,strings:loads/medium/bytes,orjson,409.682203125
complete_calls,strings:loads/medium/memoryview,base,550.87746875
complete_calls,strings:loads/medium/memoryview,cache1,591.380125
complete_calls,strings:loads/medium/memoryview,cache2,561.3820625
complete_calls,strings:loads/medium/memoryview,orjson,428.333421875
complete_calls,strings:loads/plain_values/array_view,base,74.070951171875
complete_calls,strings:loads/plain_values/array_view,cache1,74.1817890625
complete_calls,strings:loads/plain_values/array_view,cache2,73.3472421875
complete_calls,strings:loads/plain_values/array_view,orjson,59.625052734375
complete_calls,strings:loads/plain_values/bytearray,base,74.01659765625
complete_calls,strings:loads/plain_values/bytearray,cache1,72.292421875
complete_calls,strings:loads/plain_values/bytearray,cache2,72.969486328125
complete_calls,strings:loads/plain_values/bytearray,orjson,59.76141015625
complete_calls,strings:loads/plain_values/bytes,base,74.852484375
complete_calls,strings:loads/plain_values/bytes,cache1,70.9776796875
complete_calls,strings:loads/plain_values/bytes,cache2,71.3497421875
complete_calls,strings:loads/plain_values/bytes,orjson,60.077767578125
complete_calls,strings:loads/plain_values/memoryview,base,72.892357421875
complete_calls,strings:loads/plain_values/memoryview,cache1,72.1638203125
complete_calls,strings:loads/plain_values/memoryview,cache2,73.26684375
complete_calls,strings:loads/plain_values/memoryview,orjson,59.222275390625
complete_calls,strings:loads/short_escaped/array_view,base,0.3512122344970703
complete_calls,strings:loads/short_escaped/array_view,cache1,0.35195623779296875
complete_calls,strings:loads/short_escaped/array_view,cache2,0.3484299087524414
complete_calls,strings:loads/short_escaped/array_view,orjson,0.23210317993164062
complete_calls,strings:loads/short_escaped/bytearray,base,0.26216217041015627
complete_calls,strings:loads/short_escaped/bytearray,cache1,0.26477684020996095
complete_calls,strings:loads/short_escaped/bytearray,cache2,0.26189000701904297
complete_calls,strings:loads/short_escaped/bytearray,orjson,0.22715003967285155
complete_calls,strings:loads/short_escaped/bytes,base,0.238547607421875
complete_calls,strings:loads/short_escaped/bytes,cache1,0.24056232452392579
complete_calls,strings:loads/short_escaped/bytes,cache2,0.23553548431396484
complete_calls,strings:loads/short_escaped/bytes,orjson,0.2236467056274414
complete_calls,strings:loads/short_escaped/memoryview,base,0.3583495483398437
complete_calls,strings:loads/short_escaped/memoryview,cache1,0.35305289459228517
complete_calls,strings:loads/short_escaped/memoryview,cache2,0.34684401702880857
complete_calls,strings:loads/short_escaped/memoryview,orjson,0.23162223052978514
complete_calls,strings:loads/short_plain/array_view,base,0.27927776336669924
complete_calls,strings:loads/short_plain/array_view,cache1,0.27673658752441405
complete_calls,strings:loads/short_plain/array_view,cache2,0.26997669219970705
complete_calls,strings:loads/short_plain/array_view,orjson,0.22006800079345704
complete_calls,strings:loads/short_plain/bytearray,base,0.18305255508422852
complete_calls,strings:loads/short_plain/bytearray,cache1,0.1883449020385742
complete_calls,strings:loads/short_plain/bytearray,cache2,0.18133438873291016
complete_calls,strings:loads/short_plain/bytearray,orjson,0.21703822326660155
complete_calls,strings:loads/short_plain/bytes,base,0.16183707809448242
complete_calls,strings:loads/short_plain/bytes,cache1,0.16807973480224608
complete_calls,strings:loads/short_plain/bytes,cache2,0.15681939697265626
complete_calls,strings:loads/short_plain/bytes,orjson,0.21819866180419922
complete_calls,strings:loads/short_plain/memoryview,base,0.27894213104248045
complete_calls,strings:loads/short_plain/memoryview,cache1,0.2804279327392578
complete_calls,strings:loads/short_plain/memoryview,cache2,0.26906034088134767
complete_calls,strings:loads/short_plain/memoryview,orjson,0.21998729705810546
complete_calls,strings:loads/unicode_escapes/array_view,base,297.31028125
complete_calls,strings:loads/unicode_escapes/array_view,cache1,300.888375
complete_calls,strings:loads/unicode_escapes/array_view,cache2,330.4763984375
complete_calls,strings:loads/unicode_escapes/array_view,orjson,79.7221015625
complete_calls,strings:loads/unicode_escapes/bytearray,base,299.0951796875
complete_calls,strings:loads/unicode_escapes/bytearray,cache1,298.527359375
complete_calls,strings:loads/unicode_escapes/bytearray,cache2,296.3127734375
complete_calls,strings:loads/unicode_escapes/bytearray,orjson,80.7636875
complete_calls,strings:loads/unicode_escapes/bytes,base,290.4402734375
complete_calls,strings:loads/unicode_escapes/bytes,cache1,292.9401328125
complete_calls,strings:loads/unicode_escapes/bytes,cache2,318.5444296875
complete_calls,strings:loads/unicode_escapes/bytes,orjson,81.4908046875
complete_calls,strings:loads/unicode_escapes/memoryview,base,293.7765390625
complete_calls,strings:loads/unicode_escapes/memoryview,cache1,305.7658125
complete_calls,strings:loads/unicode_escapes/memoryview,cache2,294.0739375
complete_calls,strings:loads/unicode_escapes/memoryview,orjson,79.904171875
complete_calls,strings:loads/unique_keys/array_view,base,184.881265625
complete_calls,strings:loads/unique_keys/array_view,cache1,174.99688671875
complete_calls,strings:loads/unique_keys/array_view,cache2,167.92430859375
complete_calls,strings:loads/unique_keys/array_view,orjson,86.183359375
complete_calls,strings:loads/unique_keys/bytearray,base,171.735796875
complete_calls,strings:loads/unique_keys/bytearray,cache1,174.22596484375
complete_calls,strings:loads/unique_keys/bytearray,cache2,168.33337890625
complete_calls,strings:loads/unique_keys/bytearray,orjson,85.63027734375
complete_calls,strings:loads/unique_keys/bytes,base,169.88047265625
complete_calls,strings:loads/unique_keys/bytes,cache1,172.8909609375
complete_calls,strings:loads/unique_keys/bytes,cache2,173.806421875
complete_calls,strings:loads/unique_keys/bytes,orjson,86.08303515625
complete_calls,strings:loads/unique_keys/memoryview,base,179.03025390625
complete_calls,strings:loads/unique_keys/memoryview,cache1,183.279796875
complete_calls,strings:loads/unique_keys/memoryview,cache2,168.36277734375
complete_calls,strings:loads/unique_keys/memoryview,orjson,87.06337890625
targeted,datetime_naive,base,75.56145703125
targeted,datetime_naive,cache1,69.260982421875
targeted,datetime_naive,cache2,76.223318359375
targeted,datetime_naive,portable,75.156599609375
targeted,datetime_naive,orjson,46.467786132812506
targeted,datetime_scalar,base,1.0564013061523438
targeted,datetime_scalar,cache1,1.5592574768066407
targeted,datetime_scalar,cache2,1.071685791015625
targeted,datetime_scalar,portable,1.0816146240234374
targeted,datetime_scalar,orjson,0.4699470672607422
targeted,datetime_utc,base,78.5493046875
targeted,datetime_utc,cache1,74.86636328125
targeted,datetime_utc,cache2,81.50331640625
targeted,datetime_utc,portable,80.4596484375
targeted,datetime_utc,orjson,160.877115234375
targeted,early_dataclass,base,2.028245300292969
targeted,early_dataclass,cache1,1.9411331176757813
targeted,early_dataclass,cache2,2.023289367675781
targeted,early_dataclass,portable,1.906672119140625
targeted,early_dataclass,orjson,0.5620803833007812
targeted,early_default,base,1.9652766723632813
targeted,early_default,cache1,1.9334009399414063
targeted,early_default,cache2,1.909982666015625
targeted,early_default,portable,2.0789295654296875
targeted,early_default,orjson,0.6635227966308594
targeted,large_integers,base,202.10084375
targeted,large_integers,cache1,187.21753515625
targeted,large_integers,cache2,213.3898125
targeted,large_integers,portable,210.653
targeted,large_integers,orjson,72.23743359375
targeted,late_dataclass,base,2.3067554321289063
targeted,late_dataclass,cache1,2.315871826171875
targeted,late_dataclass,cache2,2.3168591918945314
targeted,late_dataclass,portable,2.257219970703125
targeted,late_dataclass,orjson,0.5871570129394532
targeted,late_default,base,2.2671029663085935
targeted,late_default,cache1,2.257899597167969
targeted,late_default,cache2,2.3180382080078124
targeted,late_default,portable,2.283280090332031
targeted,late_default,orjson,0.6745376892089844
targeted,offsets_1_owners_1024_dates,base,135.73066015625
targeted,offsets_1_owners_1024_dates,cache1,89.3620625
targeted,offsets_1_owners_1024_dates,cache2,96.32207421875
targeted,offsets_1_owners_1024_dates,portable,139.3981484375
targeted,offsets_1_owners_1024_dates,orjson,172.8375625
targeted,offsets_1_owners_16_dates,base,3.569732971191406
targeted,offsets_1_owners_16_dates,cache1,3.0602626953125
targeted,offsets_1_owners_16_dates,cache2,3.0325001220703127
targeted,offsets_1_owners_16_dates,portable,3.7096778564453126
targeted,offsets_1_owners_16_dates,orjson,3.0769027099609376
targeted,offsets_1_owners_1_dates,base,1.206781494140625
targeted,offsets_1_owners_1_dates,cache1,1.4044063110351563
targeted,offsets_1_owners_1_dates,cache2,1.29313671875
targeted,offsets_1_owners_1_dates,portable,1.37799072265625
targeted,offsets_1_owners_1_dates,orjson,0.4855171051025391
targeted,offsets_2_owners_1024_dates,base,135.2225625
targeted,offsets_2_owners_1024_dates,cache1,90.44185546875
targeted,offsets_2_owners_1024_dates,cache2,95.71056640625
targeted,offsets_2_owners_1024_dates,portable,142.0581796875
targeted,offsets_2_owners_1024_dates,orjson,172.52210156249998
targeted,offsets_2_owners_16_dates,base,3.5908831787109374
targeted,offsets_2_owners_16_dates,cache1,3.0858658447265626
targeted,offsets_2_owners_16_dates,cache2,3.1229415283203124
targeted,offsets_2_owners_16_dates,portable,3.6481341552734374
targeted,offsets_2_owners_16_dates,orjson,3.0151041259765625
targeted,offsets_64_owners_1024_dates,base,136.1945390625
targeted,offsets_64_owners_1024_dates,cache1,197.9845703125
targeted,offsets_64_owners_1024_dates,cache2,139.9015
targeted,offsets_64_owners_1024_dates,portable,139.29865234375
targeted,offsets_64_owners_1024_dates,orjson,174.403671875
targeted,offsets_64_owners_16_dates,base,3.517424987792969
targeted,offsets_64_owners_16_dates,cache1,4.598815063476563
targeted,offsets_64_owners_16_dates,cache2,4.492009399414062
targeted,offsets_64_owners_16_dates,portable,3.626255310058594
targeted,offsets_64_owners_16_dates,orjson,3.145127014160156
targeted,offsets_8_owners_1024_dates,base,135.250390625
targeted,offsets_8_owners_1024_dates,cache1,94.5190859375
targeted,offsets_8_owners_1024_dates,cache2,99.787859375
targeted,offsets_8_owners_1024_dates,portable,139.49526171875
targeted,offsets_8_owners_1024_dates,orjson,170.88540234375
targeted,offsets_8_owners_16_dates,base,3.563153747558594
targeted,offsets_8_owners_16_dates,cache1,3.7753563842773437
targeted,offsets_8_owners_16_dates,cache2,3.6774295654296876
targeted,offsets_8_owners_16_dates,portable,3.5574705200195313
targeted,offsets_8_owners_16_dates,orjson,3.0116114501953124
targeted,offsets_9_owners_1024_dates,base,133.9526953125
targeted,offsets_9_owners_1024_dates,cache1,183.51621484375
targeted,offsets_9_owners_1024_dates,cache2,140.40677734375
targeted,offsets_9_owners_1024_dates,portable,137.27333984375
targeted,offsets_9_owners_1024_dates,orjson,169.290439453125
targeted,offsets_9_owners_16_dates,base,3.532517333984375
targeted,offsets_9_owners_16_dates,cache1,4.597734130859375
targeted,offsets_9_owners_16_dates,cache2,4.400288696289063
targeted,offsets_9_owners_16_dates,portable,3.6279320068359375
targeted,offsets_9_owners_16_dates,orjson,3.013308868408203
targeted,output_1023_bytes,base,0.7661495208740234
targeted,output_1023_bytes,cache1,0.7879887084960937
targeted,output_1023_bytes,cache2,0.7944318542480469
targeted,output_1023_bytes,portable,0.7535957336425781
targeted,output_1023_bytes,orjson,0.4506203384399414
targeted,output_1024_bytes,base,0.8250411071777344
targeted,output_1024_bytes,cache1,0.8049602355957032
targeted,output_1024_bytes,cache2,0.8582722015380859
targeted,output_1024_bytes,portable,0.7292500152587891
targeted,output_1024_bytes,orjson,0.45624456787109374
targeted,output_1025_bytes,base,0.7798373260498047
targeted,output_1025_bytes,cache1,0.7727622222900391
targeted,output_1025_bytes,cache2,0.8030706329345703
targeted,output_1025_bytes,portable,0.7574486846923828
targeted,output_1025_bytes,orjson,0.45273839569091795
targeted,output_16384_bytes,base,3.3972919921875
targeted,output_16384_bytes,cache1,3.4484652709960937
targeted,output_16384_bytes,cache2,3.3234263916015623
targeted,output_16384_bytes,portable,3.065904724121094
targeted,output_16384_bytes,orjson,1.3471238403320314
targeted,output_255_bytes,base,0.3704703826904297
targeted,output_255_bytes,cache1,0.35087789154052734
targeted,output_255_bytes,cache2,0.3663026351928711
targeted,output_255_bytes,portable,0.3866694793701172
targeted,output_255_bytes,orjson,0.42807349014282225
targeted,output_256_bytes,base,0.3595933074951172
targeted,output_256_bytes,cache1,0.3635939788818359
targeted,output_256_bytes,cache2,0.36773079681396487
targeted,output_256_bytes,portable,0.38363166046142577
targeted,output_256_bytes,orjson,0.42743558502197265
targeted,output_257_bytes,base,0.46957051086425783
targeted,output_257_bytes,cache1,0.46733981323242185
targeted,output_257_bytes,cache2,0.48527816772460936
targeted,output_257_bytes,portable,0.4720945892333984
targeted,output_257_bytes,orjson,0.4235383605957031
targeted,output_511_bytes,base,0.5123738098144531
targeted,output_511_bytes,cache1,0.5121295166015625
targeted,output_511_bytes,cache2,0.5017204895019531
targeted,output_511_bytes,portable,0.5035265808105469
targeted,output_511_bytes,orjson,0.43318301391601566
targeted,output_512_bytes,base,0.4994371795654297
targeted,output_512_bytes,cache1,0.5120490570068359
targeted,output_512_bytes,cache2,0.5067427368164062
targeted,output_512_bytes,portable,0.5188936462402344
targeted,output_512_bytes,orjson,0.42769664764404297
targeted,output_513_bytes,base,0.5978028411865235
targeted,output_513_bytes,cache1,0.6280067443847657
targeted,output_513_bytes,cache2,0.640523422241211
targeted,output_513_bytes,portable,0.6091187438964843
targeted,output_513_bytes,orjson,0.4329041748046875
targeted,repeated_keys,base,106.312830078125
targeted,repeated_keys,cache1,115.134048828125
targeted,repeated_keys,cache2,109.423388671875
targeted,repeated_keys,portable,108.813509765625
targeted,repeated_keys,orjson,55.279921875
targeted,scalar_integer,base,0.2697222366333008
targeted,scalar_integer,cache1,0.2684566268920898
targeted,scalar_integer,cache2,0.26775177001953127
targeted,scalar_integer,portable,0.2700972900390625
targeted,scalar_integer,orjson,0.29289401245117186
targeted,tiny_dict,base,0.38298094940185545
targeted,tiny_dict,cache1,0.3894996109008789
targeted,tiny_dict,cache2,0.3947571258544922
targeted,tiny_dict,portable,0.39684464263916014
targeted,tiny_dict,orjson,0.350023811340332
targeted,tiny_list,base,0.34854840850830077
targeted,tiny_list,cache1,0.3408281631469727
targeted,tiny_list,cache2,0.3442690353393555
targeted,tiny_list,portable,0.35214657592773435
targeted,tiny_list,orjson,0.3167885513305664
